category,program,source_id,genes
basal_epidermis,basal_keratinocytes,Ganier_PMC10786309,KRT5;KRT14;KRT15;KRT17;TP63;KRT19;ITGA6;ITGB1
basal_epidermis,basal_progenitor,Ganier_PMC10786309,KRT5;KRT14;TP63;KRT19;COL17A1;LAMA3;LAMB3
basal_epidermis,epidermal_junction,Ganier_PMC10786309,DSG1;DSC3;JUP;PKP1;DSP;EPCAM
differentiated_epidermis,differentiated_keratinocytes,Ganier_PMC10786309,KRT1;KRT10;KRT2;FLG;LOR;IVL;DSC1
activated_epidermis,activated_epidermis,Ganier_PMC10786309,KRT6A;KRT6B;KRT16;KRT17;SERPINB3;SERPINB4;S100A7
fibroblast,dermal_fibroblast,Chen_PMC11090198,COL1A1;COL1A2;COL3A1;DCN;LUM;PDGFRA;COL6A1;COL6A2
ECM,ecm_matrix,Chen_PMC11090198,COL1A1;COL1A2;COL3A1;COL5A1;COL5A2;COL6A1;COL6A2;FN1
fibroblast,fascia_fibroblast,Chen_PMC11090198,PI16;DPP4;CFD;COL15A1;ADH1B;COL1A1
fibroblast,papillary_fibroblast,Chen_PMC11090198,APOD;COL6A5;TCF21;COL14A1;PDGFRA;DCN
fibroblast,reticular_fibroblast,Chen_PMC11090198,THY1;FBLN1;COL3A1;COL1A1;COL1A2;LUM
endothelial,endothelial,Chen_PMC11090198,PECAM1;VWF;EMCN;KDR;ESAM;ENG;RAMP2;PLVAP
lymphatic,lymphatic_endothelium,Chen_PMC11090198,PROX1;LYVE1;PDPN;CCL21;FLT4;KDR
pericyte,pericyte,Chen_PMC11090198,RGS5;PDGFRB;CSPG4;MCAM;ABCC9;DES
SMC,smooth_muscle,Chen_PMC11090198,ACTA2;MYH11;TAGLN;CNN1;CALD1;DES
T_cell,t_cell,Apostolidis_PMC6174292,CD3D;CD3E;CD3G;TRBC1;TRBC2;IL7R;LTB
B_plasma,b_cell_plasma,Apostolidis_PMC6174292,CD79A;MS4A1;CD37;CD74;HLA-DRA;MZB1;JCHAIN;SDC1
myeloid_macrophage,myeloid_macrophage,Apostolidis_PMC6174292,LYZ;LST1;CTSD;FCER1G;TYROBP;AIF1;LGALS3;C1QC
DC_Langerhans,dendritic_langerhans,Apostolidis_PMC6174292,FCER1A;CD1A;CD1C;CLEC10A;CD207;HLA-DRA;CST3
NK,natural_killer,Apostolidis_PMC6174292,NKG7;GNLY;KLRD1;TRAC;CCL5;GZMB;GZMK
mast,mast,Apostolidis_PMC6174292,KIT;TPSAB1;TPSB2;MS4A2;CPA3;HPGDS
melanocyte,melanocyte,Ganier_PMC10786309,MLANA;PMEL;TYR;TYRP1;DCT;MITF;SOX10
adipocyte,adipocyte,Chen_PMC11090198,ADIPOQ;PLIN1;FABP4;LEP;PPARG;CEBPA
hair,hair_follicle,Ganier_PMC10786309,KRT25;KRT71;KRT73;KRT74;HOXC13;KRT81;KRT86
sebaceous,sebaceous_gland,Ganier_PMC10786309,PPARG;PLIN2;DGAT1;SOAT1;FASN;ACACA
sweat,sweat_gland,Ganier_PMC10786309,KRT18;KRT8;KRT19;KRT7;SLC12A2;AQP5;KRT14
SSc_TGF_beta,tgf_beta,Chen_PMC11090198,TGFB1;TGFBR1;TGFBR2;SMAD2;SMAD3;SMAD4;SERPINE1;CTGF
SSc_collagen_ECM,collagen_ecm,Chen_PMC11090198,COL1A1;COL1A2;COL3A1;COL5A1;COL5A2;COL6A1;FN1;SPARC
SSc_myofibroblast,myofibroblast,Chen_PMC11090198,ACTA2;TAGLN;MYL9;CNN1;COL1A1;COL3A1;CTHRC1
SSc_fibroblast_activation,fibroblast_activation,Chen_PMC11090198,PDGFRA;PDGFRB;FAP;THY1;POSTN;CCN2;VCAN
SSc_type_I_IFN,type_I_ifn,Apostolidis_PMC6174292,ISG15;IFI6;IFIT1;IFIT2;IFIT3;MX1;OAS1;OASL
SSc_NF-kB_inflammatory,nfkb_inflammatory,Apostolidis_PMC6174292,NFKB1;RELA;TNF;IL1B;IL6;CXCL8;CCL2;NFKBIA
SSc_antigen_presentation,antigen_presentation,Apostolidis_PMC6174292,HLA-DRA;HLA-DRB1;HLA-DPA1;HLA-DPB1;CD74;CIITA;B2M
SSc_hypoxia_vascular_injury,hypoxia_vascular_injury,Chen_PMC11090198,HIF1A;EGLN3;VEGFA;ADM;CA9;ANGPTL4;DDIT4
SSc_angiogenesis,angiogenesis,Chen_PMC11090198,VEGFA;KDR;FLT1;ANGPT1;ANGPT2;TEK;PECAM1
SSc_endothelial_retention,endothelial_retention,Chen_PMC11090198,CDH5;EMCN;EPAS1;KDR;ESAM;PLVAP;RAMP2
SSc_EndMT_mesenchymal_gain,endmt_mesenchymal_gain,Chen_PMC11090198,VIM;SNAI1;SNAI2;TWIST1;ZEB1;COL1A1;ACTA2;FN1
