field_of_view,enrichment_1-1,enrichment_1-2,enrichment_1-3,enrichment_1-4,enrichment_2-1,enrichment_2-2,enrichment_2-3,enrichment_2-4,enrichment_3-1,enrichment_3-2,enrichment_3-3,enrichment_3-4,enrichment_4-1,enrichment_4-2,enrichment_4-3,enrichment_4-4
CD a_1,0.0,0.0,0.0,0.0,0.0,-0.18349979952583345,-0.9844443158906343,-0.6684570159097267,0.0,-0.9844443158906343,1.1691155591367652,-0.5731032952915297,0.0,-0.6684570159097267,-0.5731032952915297,0.12143106096116092
CD a_10,0.0,0.0,0.0,0.0,0.0,-0.021452777805498608,-2.142634679318065,-0.395874255280767,0.0,-2.142634679318065,1.6522418244267043,-0.7237443235420856,0.0,-0.395874255280767,-0.7237443235420856,0.09991357673101671
CD a_11,0.0,0.0,0.0,0.0,0.0,-0.06052061932862994,1.987444520227113,-0.9499723882187339,0.0,1.987444520227113,1.7203691619566057,-0.5036623317979952,0.0,-0.9499723882187339,-0.5036623317979952,0.051437200728545004
CD a_12,0.0,0.0,0.0,0.0,0.0,0.0,0.0,0.0,0.0,0.0,1.2155894110212362,-0.36312669549043514,0.0,0.0,-0.36312669549043514,0.05295779007973138
CD a_13,0.0,0.0,0.0,0.0,0.0,0.0,0.0,0.0,0.0,0.0,1.1701390421181177,-0.08700107794647474,0.0,0.0,-0.08700107794647474,0.0002279700821004508
CD a_14,0.0,0.0,0.0,0.0,0.0,0.0,0.0,0.0,0.0,0.0,1.5659243864089758,-0.6473689751678977,0.0,0.0,-0.6473689751678977,0.0838551825499298
CD a_15,0.0,0.0,0.0,0.0,0.0,-0.017780352645144125,1.1028152328824479,-1.04987711295713,0.0,1.1028152328824479,2.992261945582653,-0.459100605315801,0.0,-1.04987711295713,-0.459100605315801,0.014013547985529387
CD a_16,0.0,0.0,0.0,0.0,0.0,-0.08789791534578252,-0.3234068118054937,0.20636652041269898,0.0,-0.3234068118054937,3.7511935478119107,-0.579313512890089,0.0,0.20636652041269898,-0.579313512890089,0.005135155339723529
CD a_17,0.0,0.0,0.0,0.0,0.0,-0.4207111345103518,-2.6563894980679916,-0.7218743894512009,0.0,-2.6563894980679916,2.9787565513693006,-0.11565162158533916,0.0,-0.7218743894512009,-0.11565162158533916,-0.016156111371067344
CD a_18,0.0,0.0,0.0,0.0,0.0,-0.14526278986645022,-2.1457222328489722,-0.7413291738566269,0.0,-2.1457222328489722,2.501980922332804,-0.1576381499792149,0.0,-0.7413291738566269,-0.1576381499792149,-0.005593992726959689
CD a_19,0.0,0.0,0.0,0.0,0.0,0.0,0.0,0.0,0.0,0.0,0.3547555922846044,-0.42431419626147,0.0,0.0,-0.42431419626147,0.29813467398678617
CD a_2,0.0,0.0,0.0,0.0,0.0,0.6163130947787963,-0.02324569416358933,-0.12378155174315553,0.0,-0.02324569416358933,-0.4487716975587248,-0.4422463551626593,0.0,-0.12378155174315553,-0.4422463551626593,0.013914632340352551
CD a_3,0.0,0.0,0.0,0.0,0.0,0.12342523455308171,-0.07356244962660513,0.08411070962212173,0.0,-0.07356244962660513,-0.4221084060634867,-0.6442959615803684,0.0,0.08411070962212173,-0.6442959615803684,0.002724660683077164
CD a_4,0.0,0.0,0.0,0.0,0.0,-0.050092468762299905,0.3488806096199242,-0.28840489780512163,0.0,0.3488806096199242,0.8706366375020589,-0.5845360315630025,0.0,-0.28840489780512163,-0.5845360315630025,0.18129220547919433
CD a_5,0.0,0.0,0.0,0.0,0.0,0.84601162138244,0.8106774621988377,0.10439247359624526,0.0,0.8106774621988377,-0.1340874329460471,0.09771252121348216,0.0,0.10439247359624526,0.09771252121348216,-0.016202673498652655
CD a_6,0.0,0.0,0.0,0.0,0.0,-0.32309299228953176,-3.148250419171385,-0.2100113756422875,0.0,-3.148250419171385,3.154385327235169,0.0887945038829815,0.0,-0.2100113756422875,0.0887945038829815,-0.019743853098215393
CD a_7,0.0,0.0,0.0,0.0,0.0,-0.287926209774507,-1.4172119090824236,-1.350898247505345,0.0,-1.4172119090824236,1.2953448781467227,-0.4749493351899667,0.0,-1.350898247505345,-0.4749493351899667,0.0747392011575675
CD a_8,0.0,0.0,0.0,0.0,0.0,0.0,0.0,0.0,0.0,0.0,0.8595878789310669,-0.5194121747793495,0.0,0.0,-0.5194121747793495,0.15270734979916806
CD a_9,0.0,0.0,0.0,0.0,0.0,0.0,0.0,0.0,0.0,0.0,1.942474139588914,-0.4953642020480261,0.0,0.0,-0.4953642020480261,0.03867767907318148
CD b_10,0.0,0.0,0.0,0.0,0.0,0.0,0.0,0.0,0.0,0.0,0.0,0.0,0.0,0.0,0.0,0.0
CD b_11,-0.008977859648667008,0.0,-1.2045524530254161,0.1301368406348762,0.0,0.0,0.0,0.0,-1.2045524530254161,0.0,2.5538425589668368,-0.36807148749875934,0.1301368406348762,0.0,-0.36807148749875934,0.0142842591810942
CD b_12,0.0,0.0,0.0,0.0,0.0,0.0,0.0,0.0,0.0,0.0,2.621177158202817,-0.2587410225735027,0.0,0.0,-0.2587410225735027,0.003388108360517422
CD b_13,0.0,0.0,0.0,0.0,0.0,0.0,0.0,0.0,0.0,0.0,3.0647686604794937,-0.5628114070399918,0.0,0.0,-0.5628114070399918,0.01999710056700886
CD b_14,-0.007840075712317216,0.0,-1.2828064824044079,-0.018316181776297936,0.0,0.0,0.0,0.0,-1.2828064824044079,0.0,2.776279908098795,-0.5834989196146032,-0.018316181776297936,0.0,-0.5834989196146032,0.02697405798439305
CD b_15,-0.061767029244236014,0.0,-1.3967544783629955,0.08163012567334674,0.0,0.0,0.0,0.0,-1.3967544783629955,0.0,4.271743530893105,-0.7143852769065877,0.08163012567334674,0.0,-0.7143852769065877,0.01170825812099674
CD b_16,0.0,0.0,0.0,0.0,0.0,0.0,0.0,0.0,0.0,0.0,0.0,0.0,0.0,0.0,0.0,0.0
CD b_17,-0.1202414106671605,-0.03101284712575477,-0.06137303289998717,-0.32447946546071976,-0.03101284712575477,-0.007815935395186756,-0.015589755291139462,-0.8834941259301753,-0.06137303289998717,-0.015589755291139462,-0.03101284712575477,-0.40652710405283116,-0.32447946546071976,-0.8834941259301753,-0.40652710405283116,0.0010536521089585349
CD b_18,0.0,0.0,0.0,0.0,0.0,0.0,0.0,0.0,0.0,0.0,0.0,0.0,0.0,0.0,0.0,0.0
CD b_19,0.0,0.0,0.0,0.0,0.0,0.0,0.0,0.0,0.0,0.0,0.0,0.0,0.0,0.0,0.0,0.0
CD b_2,0.0,0.0,0.0,0.0,0.0,0.0,0.0,0.0,0.0,0.0,0.0,0.0,0.0,0.0,0.0,0.0
CD b_20,0.0,0.0,0.0,0.0,0.0,0.0,0.0,0.0,0.0,0.0,0.0,0.0,0.0,0.0,0.0,0.0
CD b_3,-0.007692126544395848,0.0,-0.007692126544395848,0.044046847891506674,0.0,0.0,0.0,0.0,-0.007692126544395848,0.0,-0.007692126544395848,-0.7633080741660974,0.044046847891506674,0.0,-0.7633080741660974,0.00023278289250052166
CD b_4,0.0,0.0,0.0,0.0,0.0,0.0,0.0,0.0,0.0,0.0,-0.01006140027983869,-0.888109978599866,0.0,0.0,-0.888109978599866,0.0004200570296515217
CD b_5,-0.011074596930183861,0.0,0.0,-0.3594407402099281,0.0,0.0,0.0,0.0,0.0,0.0,0.0,0.0,-0.3594407402099281,0.0,0.0,0.00023214728523318683
CD b_6,-0.03297554919622439,0.0,0.0,-0.012219025472225257,0.0,0.0,0.0,0.0,0.0,0.0,0.0,0.0,-0.012219025472225257,0.0,0.0,1.1440891185117998e-05
CD b_7,0.0,0.0,0.0,0.0,0.0,0.0,0.0,0.0,0.0,0.0,0.0,0.0,0.0,0.0,0.0,0.0
CD b_8,0.0,0.0,0.0,0.0,0.0,0.0,0.0,0.0,0.0,0.0,0.0,0.0,0.0,0.0,0.0,0.0
CD b_9,0.0,0.0,0.0,0.0,0.0,0.0,0.0,0.0,0.0,0.0,0.0,0.0,0.0,0.0,0.0,0.0
CD c_1,2.9476246811016797,0.0,-1.0219528283158295,0.1757198323516024,0.0,0.0,0.0,0.0,-1.0219528283158295,0.0,1.9147790982800965,-0.748969795623566,0.1757198323516024,0.0,-0.748969795623566,0.015228582946085364
CD c_10,1.916314359062598,0.0,-4.041069355170048,0.21562779311792726,0.0,0.0,0.0,0.0,-4.041069355170048,0.0,2.283945023875391,-0.9863476879083112,0.21562779311792726,0.0,-0.9863476879083112,0.08414180027005955
CD c_11,2.7218344406163193,0.0,-2.115673641782304,0.15954223951631408,0.0,0.0,0.0,0.0,-2.115673641782304,0.0,1.916619245591302,-0.8345002113213733,0.15954223951631408,0.0,-0.8345002113213733,0.08777138103215999
CD c_12,2.659488236541168,0.0,-3.345629652115008,0.047279923384666044,0.0,0.0,0.0,0.0,-3.345629652115008,0.0,2.402740743454775,-0.4756447656852159,0.047279923384666044,0.0,-0.4756447656852159,0.014001376338384934
CD c_13,1.870689478305828,0.0,-4.717048488796121,0.1524322317877185,0.0,0.0,0.0,0.0,-4.717048488796121,0.0,2.379612136742322,-1.1201897708353798,0.1524322317877185,0.0,-1.1201897708353798,0.09276928896462307
CD c_14,1.6886467839554231,0.0,-3.1365339261760434,-0.004973728140927644,0.0,0.0,0.0,0.0,-3.1365339261760434,0.0,2.1778491064705507,-0.905635304752763,-0.004973728140927644,0.0,-0.905635304752763,0.07739983249723348
CD c_15,-0.0214314161539674,0.0,-1.975754255403237,0.5980958586316188,0.0,0.0,0.0,0.0,-1.975754255403237,0.0,1.9588783880132674,-0.8165245439753572,0.5980958586316188,0.0,-0.8165245439753572,0.08891912237644374
CD c_17,2.8134402556594775,0.0,-1.8912601549880204,0.0669270843810611,0.0,0.0,0.0,0.0,-1.8912601549880204,0.0,2.8421820927514343,-0.5757091629795147,0.0669270843810611,0.0,-0.5757091629795147,0.012955863056714178
CD c_2,1.336405565299736,0.0,-4.0091948917051,0.15604435445268416,0.0,0.0,0.0,0.0,-4.0091948917051,0.0,1.995592591733517,-0.643515272606957,0.15604435445268416,0.0,-0.643515272606957,0.023460043544310524
CD c_3,-0.010891837024516363,0.0,-0.6352527231103586,-0.18662173280248484,0.0,0.0,0.0,0.0,-0.6352527231103586,0.0,3.283623819847089,-0.7050950791858788,-0.18662173280248484,0.0,-0.7050950791858788,0.018856223805528403
CD c_4,5.1524079755327215,0.0,-1.6874597301636656,0.12170282738641933,0.0,0.0,0.0,0.0,-1.6874597301636656,0.0,-0.3619296383899945,-0.22079471777617712,0.12170282738641933,0.0,-0.22079471777617712,-0.0011804348069544117
CD c_5,2.1857366542567505,0.0,-2.721045000105207,-0.011905105222100918,0.0,0.0,0.0,0.0,-2.721045000105207,0.0,1.7097115068611584,-0.6408102529962747,-0.011905105222100918,0.0,-0.6408102529962747,0.04777363369293705
CD c_6,-0.19368027520462666,0.0,-0.8149431908941135,0.3750042697494574,0.0,0.0,0.0,0.0,-0.8149431908941135,0.0,1.2039824766583833,-0.4838761034065577,0.3750042697494574,0.0,-0.4838761034065577,0.07252538899647255
CD c_7,-0.7111758363527991,0.0,-1.6583808148820918,0.24806167383129932,0.0,0.0,0.0,0.0,-1.6583808148820918,0.0,1.7525076003004925,-0.6556379012310855,0.24806167383129932,0.0,-0.6556379012310855,0.06818356080042
CD c_8,2.0699912313303783,0.0,-1.0270518519968812,0.11801096579207684,0.0,0.0,0.0,0.0,-1.0270518519968812,0.0,1.782803583343037,-0.5592330687366889,0.11801096579207684,0.0,-0.5592330687366889,0.032428912548309305
CD c_9,-0.5062778252271113,0.0,-1.1337354545823501,0.21754367553700463,0.0,0.0,0.0,0.0,-1.1337354545823501,0.0,2.6746412245981026,-0.603942017178308,0.21754367553700463,0.0,-0.603942017178308,0.026251305970679668
HC a_1,0.0,0.0,0.0,0.0,0.0,0.0,0.0,0.0,0.0,0.0,1.3609514789352013,-0.34144833934306396,0.0,0.0,-0.34144833934306396,0.040232524445418916
HC a_10,0.0,0.0,0.0,0.0,0.0,0.0,0.0,0.0,0.0,0.0,2.0227618809150094,-0.3568126352611077,0.0,0.0,-0.3568126352611077,0.020748142732469322
HC a_11,0.0,0.0,0.0,0.0,0.0,0.0,0.0,0.0,0.0,0.0,1.4616135729853568,-0.484992403834778,0.0,0.0,-0.484992403834778,0.05925169200695187
HC a_12,0.0,0.0,0.0,0.0,0.0,0.0,0.0,0.0,0.0,0.0,0.8663389745841155,-0.5563155653973088,0.0,0.0,-0.5563155653973088,0.12103647818740906
HC a_13,0.0,0.0,0.0,0.0,0.0,0.0,0.0,0.0,0.0,0.0,1.3926826601167555,-0.6350062361606306,0.0,0.0,-0.6350062361606306,0.08181411464063791
HC a_14,0.0,0.0,0.0,0.0,0.0,0.0,0.0,0.0,0.0,0.0,1.1178643357513285,-0.43110748055354625,0.0,0.0,-0.43110748055354625,0.07146000324998496
HC a_15,0.0,0.0,0.0,0.0,0.0,0.0,0.0,0.0,0.0,0.0,1.2444018613320693,-0.5510184774108745,0.0,0.0,-0.5510184774108745,0.0890569211391581
HC a_16,0.0,0.0,0.0,0.0,0.0,0.0,0.0,0.0,0.0,0.0,1.6849333253966203,-0.4716907286124504,0.0,0.0,-0.4716907286124504,0.04968791828932401
HC a_18,0.0,0.0,0.0,0.0,0.0,0.0,0.0,0.0,0.0,0.0,0.9030776137217594,-0.5144472304793223,0.0,0.0,-0.5144472304793223,0.13985212602788594
HC a_19,0.0,0.0,0.0,0.0,0.0,-0.016279512811499485,-2.9160558707817987,-0.20099259822622417,0.0,-2.9160558707817987,1.0035918331399423,-0.61823563133969,0.0,-0.20099259822622417,-0.61823563133969,0.15587983492497295
HC a_2,0.0,0.0,0.0,0.0,0.0,0.0,0.0,0.0,0.0,0.0,1.0972770983436815,-0.6424205248611846,0.0,0.0,-0.6424205248611846,0.1546266025712283
HC a_20,0.0,0.0,0.0,0.0,0.0,0.0,0.0,0.0,0.0,0.0,0.8136006522501628,-0.5718107516646849,0.0,0.0,-0.5718107516646849,0.18945739712307302
HC a_3,0.0,0.0,0.0,0.0,0.0,0.0,0.0,0.0,0.0,0.0,1.0014514226366245,-0.43767997297830014,0.0,0.0,-0.43767997297830014,0.09245070514660793
HC a_4,0.0,0.0,0.0,0.0,0.0,0.0,0.0,0.0,0.0,0.0,2.2039545106115495,-0.8260549510379532,0.0,0.0,-0.8260549510379532,0.06550959249648095
HC a_5,0.0,0.0,0.0,0.0,0.0,0.0,0.0,0.0,0.0,0.0,0.9853587333006708,-0.376204465528817,0.0,0.0,-0.376204465528817,0.06906641254352121
HC a_6,0.0,0.0,0.0,0.0,0.0,0.0,0.0,0.0,0.0,0.0,1.4103625756245353,-0.3415094715406986,0.0,0.0,-0.3415094715406986,0.03457653955774699
HC a_7,0.0,0.0,0.0,0.0,0.0,0.0,0.0,0.0,0.0,0.0,1.2744137623577048,-0.3862167215026968,0.0,0.0,-0.3862167215026968,0.04064766791227565
HC a_8,0.0,0.0,0.0,0.0,0.0,0.0,0.0,0.0,0.0,0.0,1.403251116979813,-0.4837799075354209,0.0,0.0,-0.4837799075354209,0.06911191649179602
HC a_9,0.0,0.0,0.0,0.0,0.0,0.0,0.0,0.0,0.0,0.0,2.2148372966315333,-0.5573635255877448,0.0,0.0,-0.5573635255877448,0.035207585771326086
HC b_1,0.0,0.0,0.0,0.0,0.0,0.0,0.0,0.0,0.0,0.0,1.4440709364412645,-0.9066563327785095,0.0,0.0,-0.9066563327785095,0.17031976731959772
HC b_10,0.0,0.0,0.0,0.0,0.0,0.0,0.0,0.0,0.0,0.0,0.9556789615726683,-0.7379324719067314,0.0,0.0,-0.7379324719067314,0.22728149428430158
HC b_11,0.0,0.0,0.0,0.0,0.0,0.0,0.0,0.0,0.0,0.0,0.5681814345283173,-0.7545771812619353,0.0,0.0,-0.7545771812619353,0.42217806585896134
HC b_12,0.0,0.0,0.0,0.0,0.0,0.0,0.0,0.0,0.0,0.0,1.924454919307433,-1.2425833376837272,0.0,0.0,-1.2425833376837272,0.15077334372347645
HC b_13,0.0,0.0,0.0,0.0,0.0,0.0,0.0,0.0,0.0,0.0,0.8838233675055065,-0.6349438352052255,0.0,0.0,-0.6349438352052255,0.19734579118676007
HC b_14,0.0,0.0,0.0,0.0,0.0,0.0,0.0,0.0,0.0,0.0,0.9516773662938937,-0.5911948028838083,0.0,0.0,-0.5911948028838083,0.1615058863676045
HC b_15,0.0,0.0,0.0,0.0,0.0,0.0,0.0,0.0,0.0,0.0,1.6468900638005943,-0.9251400736858242,0.0,0.0,-0.9251400736858242,0.1441222613125644
HC b_16,0.0,0.0,0.0,0.0,0.0,0.0,0.0,0.0,0.0,0.0,2.324356248299547,-1.0158273952072396,0.0,0.0,-1.0158273952072396,0.06149268285956201
HC b_17,0.0,0.0,0.0,0.0,0.0,0.0,0.0,0.0,0.0,0.0,2.9016143010064614,0.5885635827832062,0.0,0.0,0.5885635827832062,-0.023027726841579266
HC b_18,0.0,0.0,0.0,0.0,0.0,0.0,0.0,0.0,0.0,0.0,-0.019055666537866542,-3.3240453300086577,0.0,0.0,-3.3240453300086577,0.004251907570713662
HC b_19,0.0,0.0,0.0,0.0,0.0,0.0,0.0,0.0,0.0,0.0,0.0,0.0,0.0,0.0,0.0,0.0
HC b_2,0.0,0.0,0.0,0.0,0.0,0.0,0.0,0.0,0.0,0.0,1.284835274860951,-0.8920330954663793,0.0,0.0,-0.8920330954663793,0.19889945001698453
HC b_20,0.0,0.0,0.0,0.0,0.0,0.0,0.0,0.0,0.0,0.0,0.0,0.0,0.0,0.0,0.0,0.0
HC b_3,0.0,0.0,0.0,0.0,0.0,0.0,0.0,0.0,0.0,0.0,1.1571001746187246,-0.8287100231967351,0.0,0.0,-0.8287100231967351,0.2052698352375485
HC b_4,0.0,0.0,0.0,0.0,0.0,0.0,0.0,0.0,0.0,0.0,1.2111715108912005,-0.8509553643582023,0.0,0.0,-0.8509553643582023,0.2017773761195858
HC b_5,0.0,0.0,0.0,0.0,0.0,0.0,0.0,0.0,0.0,0.0,0.9399775706066417,-0.9094410358457727,0.0,0.0,-0.9094410358457727,0.2976011737916875
HC b_6,0.0,0.0,0.0,0.0,0.0,0.0,0.0,0.0,0.0,0.0,0.6043461389365591,-0.6777086576706617,0.0,0.0,-0.6777086576706617,0.3398207660825573
HC b_7,0.0,0.0,0.0,0.0,0.0,0.0,0.0,0.0,0.0,0.0,1.3002193036957868,-0.5543553045663928,0.0,0.0,-0.5543553045663928,0.09426817448858982
HC b_8,0.0,0.0,0.0,0.0,0.0,0.0,0.0,0.0,0.0,0.0,1.249176036743385,-1.0214361966702088,0.0,0.0,-1.0214361966702088,0.23785794922540385
HC b_9,0.0,0.0,0.0,0.0,0.0,0.0,0.0,0.0,0.0,0.0,0.9175824399618607,-0.7230063511924875,0.0,0.0,-0.7230063511924875,0.23166324668470592
HC c_1,0.0,0.0,0.0,0.0,0.0,-0.19680305626451997,-1.652425510202437,0.4449209235132105,0.0,-1.652425510202437,2.140181979493927,0.05063351583837127,0.0,0.4449209235132105,0.05063351583837127,-0.016361333078858648
HC c_10,0.0,0.0,0.0,0.0,0.0,-0.10199833639572163,-0.05190038902835048,0.38399693439066257,0.0,-0.05190038902835048,-0.02618356895103505,-3.757801722941729,0.0,0.38399693439066257,-3.757801722941729,0.0015696085601537028
HC c_11,0.0,0.0,0.0,0.0,0.0,2.1931549562602313,-1.0168979298533238,0.1694676008097874,0.0,-1.0168979298533238,0.897748622561522,-0.567126230173061,0.0,0.1694676008097874,-0.567126230173061,0.1390096141556931
HC c_12,0.0,0.0,0.0,0.0,0.0,-0.127621497628966,-0.5933068470120888,-1.2715178154060256,0.0,-0.5933068470120888,3.8561748479869054,-0.010287556533670927,0.0,-1.2715178154060256,-0.010287556533670927,-0.01038718757059716
HC c_13,0.0,0.0,0.0,0.0,0.0,2.036933564216528,-2.6545127335669725,0.3963897929920781,0.0,-2.6545127335669725,1.7880340138047566,0.09978279490190749,0.0,0.3963897929920781,0.09978279490190749,-0.04140856083011776
HC c_14,0.0,0.0,0.0,0.0,0.0,-0.09517985719463833,-4.133359626088903,-0.1090187476605933,0.0,-4.133359626088903,0.8080157460016127,-0.5933505608225292,0.0,-0.1090187476605933,-0.5933505608225292,0.1836739153519295
HC c_15,0.0,0.0,0.0,0.0,0.0,0.0,0.0,0.0,0.0,0.0,2.6965691575762705,0.6022406810304638,0.0,0.0,0.6022406810304638,-0.022076105842901438
HC c_16,0.0,0.0,0.0,0.0,0.0,0.0,0.0,0.0,0.0,0.0,4.690036357813501,-2.7089395767405655,0.0,0.0,-2.7089395767405655,0.003083736387656438
HC c_2,0.0,0.0,0.0,0.0,0.0,-0.17078782557661892,-4.024077821224532,-0.05385752974715881,0.0,-4.024077821224532,1.3455045423889525,-0.6477753626281808,0.0,-0.05385752974715881,-0.6477753626281808,0.11708462422766723
HC c_3,0.0,0.0,0.0,0.0,0.0,0.9530598107917562,-0.933935395070454,-0.0819324635344995,0.0,-0.933935395070454,1.1337526338809423,-0.6704757453038739,0.0,-0.0819324635344995,-0.6704757453038739,0.1443783696410516
HC c_4,0.0,0.0,0.0,0.0,0.0,0.0,0.0,0.0,0.0,0.0,0.8630986919233955,-0.7802231261211198,0.0,0.0,-0.7802231261211198,0.2518531188370484
HC c_5,0.0,0.0,0.0,0.0,0.0,-0.20202983617437886,-4.055961838471483,-0.15146690458044784,0.0,-4.055961838471483,1.2961458163321875,-0.6231257862919766,0.0,-0.15146690458044784,-0.6231257862919766,0.11823961539292044
HC c_6,0.0,0.0,0.0,0.0,0.0,-0.9199193305958521,-1.9449841671675212,0.16376401158820586,0.0,-1.9449841671675212,1.2165687694935379,-0.19699283369991666,0.0,0.16376401158820586,-0.19699283369991666,0.010515856336767906
HC c_7,0.0,0.0,0.0,0.0,0.0,0.0,0.0,0.0,0.0,0.0,0.9468334602973631,-0.83155909332569,0.0,0.0,-0.83155909332569,0.23054560135208332
HC c_8,0.0,0.0,0.0,0.0,0.0,-0.11823055684112972,-2.7636964271517956,0.38029508842533977,0.0,-2.7636964271517956,1.1821762185247553,-0.6943842089193267,0.0,0.38029508842533977,-0.6943842089193267,0.14870863781879481
HC c_9,0.0,0.0,0.0,0.0,0.0,0.0,0.0,0.0,0.0,0.0,1.4004533547304368,-0.8334642405958992,0.0,0.0,-0.8334642405958992,0.14661624820467908
UC a_1,-0.6794752292295544,-0.3418249169666588,-3.5394701080722917,0.2946596294372185,-0.3418249169666588,-0.1619858049068459,-2.5168566026428647,-0.6321425360890045,-3.5394701080722917,-2.5168566026428647,2.8711444935328503,-1.1558259708916432,0.2946596294372185,-0.6321425360890045,-1.1558259708916432,0.058734819137268995
UC a_10,-0.10683452556114548,0.0,-0.2063002742210979,-0.4532656696758917,0.0,0.0,0.0,0.0,-0.2063002742210979,0.0,-0.38675734206568047,-0.5036479267089179,-0.4532656696758917,0.0,-0.5036479267089179,0.002988584868462692
UC a_12,3.4282893137920034,-0.7300838861173833,0.354178043434355,-0.059927161476335915,-0.7300838861173833,-0.3290373833616767,-0.28638263682860676,-0.6925854051879887,0.354178043434355,-0.28638263682860676,-0.24879002164035682,-0.19365586900492496,-0.059927161476335915,-0.6925854051879887,-0.19365586900492496,0.002146386819516224
UC a_13,-1.0979109514093133,1.542143116251804,0.0,-0.10393260438141438,1.542143116251804,1.722325489954578,0.0,-0.2841946861974161,0.0,0.0,0.0,0.0,-0.10393260438141438,-0.2841946861974161,0.0,0.003030123334876532
UC a_14,-0.05951793563536132,0.0,0.0,-0.3174622887818081,0.0,0.0,0.0,0.0,0.0,0.0,0.0,0.0,-0.3174622887818081,0.0,0.0,0.0010493386552116234
UC a_15,1.413978058786297,0.0,0.0,0.21975630643556449,0.0,0.0,0.0,0.0,0.0,0.0,0.0,0.0,0.21975630643556449,0.0,0.0,-0.0012673609393617164
UC a_16,0.0,0.0,0.0,0.0,0.0,0.0,0.0,0.0,0.0,0.0,0.0,0.0,0.0,0.0,0.0,0.0
UC a_17,2.2176825070226376,-0.2014635915462342,0.9296728317055981,-0.375966921208831,-0.2014635915462342,1.9437177315662957,-0.13738485310425128,-0.9400666186178722,0.9296728317055981,-0.13738485310425128,-0.04726360695688674,0.022387937435836575,-0.375966921208831,-0.9400666186178722,0.022387937435836575,0.004266801138671394
UC a_18,-0.3620386088941688,-0.15587393217305298,-0.08004109009687752,0.14968962321697507,-0.15587393217305298,-0.06438419034797965,-0.03255123032525061,-0.37098298647070654,-0.08004109009687752,-0.03255123032525061,-0.016367419051434462,0.4006457597230187,0.14968962321697507,-0.37098298647070654,0.4006457597230187,-0.0008469025160527304
UC a_19,0.0,0.0,0.0,0.0,0.0,2.2176680572041945,-0.13740368198717276,-0.2725909505413529,0.0,-0.13740368198717276,-0.18044303733970213,0.1491987667745206,0.0,-0.2725909505413529,0.1491987667745206,-0.00012248223109498225
UC a_2,-0.7389049057492352,0.0,-3.753421941966097,0.21257484847754338,0.0,0.0,0.0,0.0,-3.753421941966097,0.0,2.4499582814164955,-0.949079396409119,0.21257484847754338,0.0,-0.949079396409119,0.05946858546996325
UC a_20,0.0,0.0,0.0,0.0,0.0,-0.134694602441013,-0.046309626646870834,-0.4153949979237373,0.0,-0.046309626646870834,-0.015602294373490937,-0.9537973328783967,0.0,-0.4153949979237373,-0.9537973328783967,0.0032428810306128907
UC a_21,0.0,0.0,0.0,0.0,0.0,-0.010966460725117503,0.0,-0.2421337883149225,0.0,0.0,0.0,0.0,0.0,-0.2421337883149225,0.0,0.0003073502963992815
UC a_22,0.0,0.0,0.0,0.0,0.0,-0.046060282125616976,0.0,-0.3008042275313113,0.0,0.0,0.0,0.0,0.0,-0.3008042275313113,0.0,0.0006699772801029168
UC a_5,3.1576544266520576,-0.38036854425515687,-2.2991761634563623,-0.061236693637616045,-0.38036854425515687,-0.138235323426872,-1.2061777371087379,-0.1498655995143273,-2.2991761634563623,-1.2061777371087379,3.8694492505146463,-0.9223195738674758,-0.061236693637616045,-0.1498655995143273,-0.9223195738674758,0.015050318741568853
UC a_6,-0.04475419094161035,0.0,-1.632610021846478,0.33580880339436214,0.0,0.0,0.0,0.0,-1.632610021846478,0.0,1.5369552566033535,-0.7332740819900987,0.33580880339436214,0.0,-0.7332740819900987,0.11516580200114175
UC a_7,-0.5498158167185926,-0.20743427809854506,-3.9812331739803413,-0.07159270190027431,-0.20743427809854506,-0.0725096442387521,-2.568292973731399,0.19937540737687262,-3.9812331739803413,-2.568292973731399,2.4917672016449175,-0.587452725212094,-0.07159270190027431,0.19937540737687262,-0.587452725212094,0.03503342361369861
UC a_8,-0.08495966202730998,0.0,-3.992939591932971,0.1509963583702706,0.0,0.0,0.0,0.0,-3.992939591932971,0.0,1.5746637076654402,-0.9336698908075666,0.1509963583702706,0.0,-0.9336698908075666,0.1569944097145039
UC a_9,-0.03715975368752841,-0.05538676273891813,-0.03715975368752841,-0.2694968558379701,-0.05538676273891813,-0.08230264230218758,-0.05538676273891813,-0.965626749115123,-0.03715975368752841,-0.05538676273891813,-0.03715975368752841,-0.08663279868815954,-0.2694968558379701,-0.965626749115123,-0.08663279868815954,0.0016923866623872821
UC b_1,0.8244725397733182,-0.21039833971526134,-2.800390275171043,0.04081924124830034,-0.21039833971526134,-0.008685880535909848,-0.29803963572626757,-0.2642991340650317,-2.800390275171043,-0.29803963572626757,-0.11102544865669992,-0.06886824025611998,0.04081924124830034,-0.2642991340650317,-0.06886824025611998,0.0009502786390777682
UC b_10,-0.06858956940660749,-0.19669873022793677,-0.25672540383619874,0.9887754299095901,-0.19669873022793677,-0.5242828711846236,-0.6638376535633671,-0.3634404168695113,-0.25672540383619874,-0.6638376535633671,-0.8311112008099307,-0.5632802071202317,0.9887754299095901,-0.3634404168695113,-0.5632802071202317,0.0043973163261438655
UC b_11,2.9356511677836212,-0.3879694681897886,-0.5268563228700228,0.723039477891965,-0.3879694681897886,-0.6228958400763196,-0.824870433076319,-0.20044423000812783,-0.5268563228700228,-0.824870433076319,-1.071739084025009,-0.3987373964090635,0.723039477891965,-0.20044423000812783,-0.3987373964090635,0.0013247434809413939
UC b_12,0.0,0.0,0.0,0.0,0.0,-0.06503791652125064,-0.40358080667377433,-0.31046380491764186,0.0,-0.40358080667377433,-1.7046547564313876,-0.1146717665728741,0.0,-0.31046380491764186,-0.1146717665728741,0.002751520350504104
UC b_14,2.577256515649527,0.0,-0.2430717683294698,0.025603000355096803,0.0,0.0,0.0,0.0,-0.2430717683294698,0.0,-3.4061189205667555,-0.13996711509903742,0.025603000355096803,0.0,-0.13996711509903742,0.002108609057601872
UC b_15,-0.009853562276351166,0.0,-0.3260469493396116,-0.028609499890795143,0.0,0.0,0.0,0.0,-0.3260469493396116,0.0,-0.2061196053529501,-0.11498934742419692,-0.028609499890795143,0.0,-0.11498934742419692,0.00233614533284838
UC b_16,1.104664080268822,-0.3171387503443106,0.358585638361111,-0.03723791530395276,-0.3171387503443106,-0.007527074836741024,-0.23616092533554037,-0.8678820558569067,0.358585638361111,-0.23616092533554037,0.3529072622370741,-0.12190469077062324,-0.03723791530395276,-0.8678820558569067,-0.12190469077062324,0.0023049146532934666
UC b_17,-0.7723921124068811,0.0,-1.738434399498949,0.1577584829065071,0.0,0.0,0.0,0.0,-1.738434399498949,0.0,-0.3155173393013327,-0.3499046662471839,0.1577584829065071,0.0,-0.3499046662471839,0.0053468380778375095
UC b_18,1.7773692880322645,1.0837032755728566,0.3392566853423721,0.00016746693269121773,1.0837032755728566,-0.1563781802113403,-0.7543868933349418,-0.2722063719393937,0.3392566853423721,-0.7543868933349418,-0.7716003287486173,-0.20708642595156385,0.00016746693269121773,-0.2722063719393937,-0.20708642595156385,0.0030532075778015966
UC b_2,1.8823636900219132,0.0,-0.04728998115151503,-0.1526502510018408,0.0,0.0,0.0,0.0,-0.04728998115151503,0.0,2.506445248588458,-0.19834559374169083,-0.1526502510018408,0.0,-0.19834559374169083,0.003454919320689663
UC b_20,-0.01805179927640021,0.0,-0.47992761879003887,-0.028059107952457404,0.0,0.0,0.0,0.0,-0.47992761879003887,0.0,-0.32979191973536365,-0.1404403752891768,-0.028059107952457404,0.0,-0.1404403752891768,0.004025573295898725
UC b_21,1.191639421814007,0.0,-3.0665671757166053,0.06090976766855282,0.0,0.0,0.0,0.0,-3.0665671757166053,0.0,-2.592230083243393,-0.2525353213866621,0.06090976766855282,0.0,-0.2525353213866621,0.0018319254952998308
UC b_22,0.1552860118364915,0.0,0.34793108977888715,0.06175816927137319,0.0,0.0,0.0,0.0,0.34793108977888715,0.0,0.1552860118364915,-0.20664369706467278,0.06175816927137319,0.0,-0.20664369706467278,0.0018268919311007273
UC b_23,1.23218966210854,0.6550509911464343,1.2171260433029938,-0.01001736398573623,0.6550509911464343,-0.009248405396581762,-0.14968684950250283,-0.3560844973914645,1.2171260433029938,-0.14968684950250283,0.8066258216127098,-0.13023274799438844,-0.01001736398573623,-0.3560844973914645,-0.13023274799438844,0.0009660373498793958
UC b_24,1.8361509278945758,1.4976440334636028,-0.18732767516554796,-0.10575269906686804,1.4976440334636028,-0.03381059974925381,-0.3612629974822145,-0.836681025951143,-0.18732767516554796,-0.3612629974822145,0.6650723714737978,-0.2287221146396833,-0.10575269906686804,-0.836681025951143,-0.2287221146396833,0.0050985675730608835
UC b_3,2.0186556339555866,-0.6521938053125939,1.3046121080992819,-0.11226723232211935,-0.6521938053125939,1.3333722047115557,-0.011567053148205993,-0.19140105240337302,1.3046121080992819,-0.011567053148205993,-2.68239326622142,-0.1937265366642948,-0.11226723232211935,-0.19140105240337302,-0.1937265366642948,0.0033386856615024215
UC b_4,-0.40301157717329983,-0.1866446474643193,-1.223483562861127,0.22102096394841936,-0.1866446474643193,-0.08296354539222009,-0.6527711548454903,-0.04838360107046492,-1.223483562861127,-0.6527711548454903,0.10002375533304574,-0.20990867265775687,0.22102096394841936,-0.04838360107046492,-0.20990867265775687,0.002129578323543847
UC b_5,2.881219366240582,-0.5941995889835291,-0.8870505379272954,0.4219001018671774,-0.5941995889835291,-0.4219708541145321,0.3526754566798065,-0.6160007540615101,-0.8870505379272954,0.3526754566798065,-0.9588561503800531,-0.23061391352997185,0.4219001018671774,-0.6160007540615101,-0.23061391352997185,0.00043701982469507316
UC b_6,3.603242046499019,-0.2536269733884761,0.177227196057427,0.3028234243920354,-0.2536269733884761,-0.049554879918931385,-0.1887582127560723,-0.5424120967632553,0.177227196057427,-0.1887582127560723,-0.6407402470465968,-0.14572560559478515,0.3028234243920354,-0.5424120967632553,-0.14572560559478515,-0.002082750668678804
UC b_7,-0.16784161623872473,-0.04382622170220816,-0.6370950752192949,0.12468012021348156,-0.04382622170220816,-0.011082000555787395,-0.18751267446118838,-0.2575831476989272,-0.6370950752192949,-0.18751267446118838,0.5152429413564541,-0.011812424282079804,0.12468012021348156,-0.2575831476989272,-0.011812424282079804,-4.418297053136793e-05
UC b_8,3.057080970227396,-0.34762904106435455,0.8083851029974298,-0.23348908235097585,-0.34762904106435455,-0.03878279486472412,-0.3781947228457109,-0.7999743631684811,0.8083851029974298,-0.3781947228457109,0.2186455824635318,-0.23547244870251785,-0.23348908235097585,-0.7999743631684811,-0.23547244870251785,0.005337730831275679
UC b_9,2.9876465981375033,-0.9917126281433227,-0.579442879045435,0.7255045695929728,-0.9917126281433227,-0.6718608435274727,-0.37469259702084784,-0.26773539727018986,-0.579442879045435,-0.37469259702084784,-0.19947652345874595,0.028104093692183526,0.7255045695929728,-0.26773539727018986,0.028104093692183526,-0.018476417989108058
UC c_1,0.0,0.0,0.0,0.0,0.0,-0.01263300861985346,0.6657736372301076,0.0567327676515802,0.0,0.6657736372301076,2.080172065267647,-0.8659119700412631,0.0,0.0567327676515802,-0.8659119700412631,0.06653247076784041
UC c_10,0.0,0.0,0.0,0.0,0.0,-0.039682363787659616,0.4511257056326644,-0.5348240121394915,0.0,0.4511257056326644,1.2006336022479942,-0.851198769852966,0.0,-0.5348240121394915,-0.851198769852966,0.20062885112896586
UC c_11,0.0,0.0,0.0,0.0,0.0,-0.010202502513630309,0.085838118127742,-0.37886616208158136,0.0,0.085838118127742,0.7820571193054344,-0.5592443445569062,0.0,-0.37886616208158136,-0.5592443445569062,0.19317792931800415
UC c_12,0.0,0.0,0.0,0.0,0.0,-0.04581154882831,0.058611449458201244,0.12631045786630696,0.0,0.058611449458201244,0.6416010025116403,-0.8557120351757518,0.0,0.12631045786630696,-0.8557120351757518,0.4401161113642073
UC c_13,0.0,0.0,0.0,0.0,0.0,0.0,0.0,0.0,0.0,0.0,1.9108784384262096,-0.3092714641196112,0.0,0.0,-0.3092714641196112,0.017510993788534844
UC c_14,0.0,0.0,0.0,0.0,0.0,-0.010307892999594968,-3.3944067323541267,0.3310382261453142,0.0,-3.3944067323541267,0.6983992890636531,-0.7139572894680439,0.0,0.3310382261453142,-0.7139572894680439,0.3146194080858359
UC c_15,0.0,0.0,0.0,0.0,0.0,-0.04320037863240513,-0.9497643329937717,0.15240222603092693,0.0,-0.9497643329937717,0.8926224956434377,-0.8500458496977882,0.0,0.15240222603092693,-0.8500458496977882,0.2995829545555049
UC c_16,0.0,0.0,0.0,0.0,0.0,-0.15815496478946106,0.08657521738181163,-0.12764957762780163,0.0,0.08657521738181163,0.7135301251576007,-0.7244616908435454,0.0,-0.12764957762780163,-0.7244616908435454,0.3141339058741297
UC c_17,0.0,0.0,0.0,0.0,0.0,-0.010925411723237384,0.23419046542128913,-0.11696206326662431,0.0,0.23419046542128913,1.2624704372238513,-0.9917841165093025,0.0,-0.11696206326662431,-0.9917841165093025,0.23012548406358574
UC c_18,0.0,0.0,0.0,0.0,0.0,-0.010156736724648995,0.9587512132981932,-0.11036522891605266,0.0,0.9587512132981932,1.0958603516623662,-0.6773561321702036,0.0,-0.11036522891605266,-0.6773561321702036,0.16641839929141078
UC c_19,0.0,0.0,0.0,0.0,0.0,0.0,0.0,0.0,0.0,0.0,2.080435902602452,-0.11600498693522582,0.0,0.0,-0.11600498693522582,-0.011562525715356306
UC c_2,0.0,0.0,0.0,0.0,0.0,-0.011784606902724731,0.16184300164921708,-0.2652117060257885,0.0,0.16184300164921708,1.9532642741571618,-0.9147477172802009,0.0,-0.2652117060257885,-0.9147477172802009,0.10054863630007449
UC c_20,0.0,0.0,0.0,0.0,0.0,-0.013778827822707224,-0.3639154142868932,-0.806635431501878,0.0,-0.3639154142868932,2.296608490866186,-0.21054059141383472,0.0,-0.806635431501878,-0.21054059141383472,-0.0036144583931187776
UC c_21,0.0,0.0,0.0,0.0,0.0,-0.10974612473937546,-2.6723364018282503,-0.29538437383833993,0.0,-2.6723364018282503,2.588998752227479,-0.2263723472828533,0.0,-0.29538437383833993,-0.2263723472828533,-0.03380832935939267
UC c_3,0.0,0.0,0.0,0.0,0.0,-0.01175161431460327,-2.211453224839197,-0.600267539282084,0.0,-2.211453224839197,1.9535672049907347,-0.8177835384182147,0.0,-0.600267539282084,-0.8177835384182147,0.07735105839061285
UC c_4,0.0,0.0,0.0,0.0,0.0,0.0,0.0,0.0,0.0,0.0,-0.1674038084184744,-0.3878103737069358,0.0,0.0,-0.3878103737069358,0.0025247762787147946
UC c_5,0.0,0.0,0.0,0.0,0.0,-0.3640344969414979,0.0,-0.2919771778051585,0.0,0.0,0.0,0.0,0.0,-0.2919771778051585,0.0,0.004296899162316038
UC c_6,0.0,0.0,0.0,0.0,0.0,-0.013012244492206776,0.9117031613137578,0.1388849369787717,0.0,0.9117031613137578,1.2771771807749515,-0.9411235552149694,0.0,0.1388849369787717,-0.9411235552149694,0.2026206806402047
UC c_7,0.0,0.0,0.0,0.0,0.0,-0.09549586824872042,-2.3848143866086438,0.4815486195144753,0.0,-2.3848143866086438,1.2730404503946926,-1.012863880931246,0.0,0.4815486195144753,-1.012863880931246,0.23396279049679666
UC c_8,0.0,0.0,0.0,0.0,0.0,-0.15992935042864534,-2.7552740104736353,-0.2027504273473878,0.0,-2.7552740104736353,1.5492418996077404,-0.8501892696560196,0.0,-0.2027504273473878,-0.8501892696560196,0.13625428184265653
UC c_9,0.0,0.0,0.0,0.0,0.0,-0.01192831063833388,-2.23550998281699,0.18799322468495733,0.0,-2.23550998281699,0.950852384039609,-0.8745164502407748,0.0,0.18799322468495733,-0.8745164502407748,0.27386144221757297
